PlayerID,Condition,GameID,CurrentGame,Timestamp,CurrentPlayer,Action,ChipsRequested,ChipsRequestedPlayers,ExtraChips,NeededChips,Score,TimeRemaining

undefined,localEx,4,0,1553133591557,0,Read new file,,P0:;P1:;P2:;P3:;P4:;P5:,-,-,NaN,undefined:undefined
undefined,localEx,4,0,1553133817671,0,Time is up!,5,P0:;P1:;P2:;P3:5;P4:;P5:,2 2 10 10 5 8 8 7 7 9 1 ,6 ,79,00:00
undefined,localEx,10,1,1553133817771,0,Starting new game,0 2 3,P0:;P1:0,2,3;P2:;P3:;P4:;P5:,5 5 5 6 ,4 1 3 ,32,00:00

undefined,localEx,10,1,1553134009792,0,Time is up!,0 2 3,P0:;P1:0,2,3;P2:;P3:;P4:;P5:,5 5 5 6 ,4 1 3 ,32,00:00
undefined,localEx,6,2,1553134009874,0,Starting new game,,P0:;P1:;P2:;P3:;P4:;P5:,7 7 2 9 , ,120,00:00

undefined,localEx,6,2,1553134191684,0,Time is up!,,P0:;P1:;P2:;P3:;P4:;P5:,7 7 2 9 , ,120,00:00
undefined,localEx,8,3,1553134191747,0,Starting new game,,P0:;P1:;P2:;P3:;P4:;P5:,10 4 4 4 4 1 2 2 5 5 , ,150,00:00

undefined,localEx,8,3,1553134375675,0,Time is up!,,P0:;P1:;P2:;P3:;P4:;P5:,10 4 4 4 4 1 2 2 5 5 , ,150,00:00
undefined,localEx,7,4,1553134375736,0,Starting new game,9 3,P0:;P1:;P2:;P3:9;P4:;P5:3,1 1 3 7 7 9 9 6 6 6 2 2 ,4 10 ,8,00:00

undefined,localEx,7,4,1553134562699,0,Time is up!,9 3,P0:;P1:;P2:;P3:9;P4:;P5:3,1 1 3 7 7 9 9 6 6 6 2 2 ,4 10 ,8,00:00
undefined,localEx,2,5,1553134562773,0,Starting new game,0,P0:;P1:;P2:0;P3:;P4:;P5:,4 4 4 9 9 9 10 2 8 8 8 ,1 ,79,00:00

undefined,localEx,2,5,1553134745668,0,Time is up!,0,P0:;P1:;P2:0;P3:;P4:;P5:,4 4 4 9 9 9 10 2 8 8 8 ,1 ,79,00:00
undefined,localEx,5,6,1553134745728,0,Starting new game,3 4,P0:;P1:;P2:;P3:3,4;P4:;P5:,3 3 6 6 6 1 1 1 10 10 ,4 5,68,00:00

undefined,localEx,5,6,1553134928671,0,Time is up!,3 4,P0:;P1:;P2:;P3:3,4;P4:;P5:,3 3 6 6 6 1 1 1 10 10 ,4 5,68,00:00
undefined,localEx,1,7,1553134928741,0,Starting new game,2,P0:;P1:2;P2:;P3:;P4:;P5:,6 5 8 8 8 8 2 10 1 ,3 ,69,00:00

undefined,localEx,1,7,1553135121672,0,Time is up!,2,P0:;P1:2;P2:;P3:;P4:;P5:,6 5 8 8 8 8 2 10 1 ,3 ,69,00:00
undefined,localEx,9,8,1553135121799,0,Starting new game,9,P0:;P1:;P2:;P3:9;P4:;P5:,8 8 5 5 5 5 1 9 3 7 7 ,10 ,79,00:00

undefined,localEx,9,8,1553135307677,0,Time is up!,9,P0:;P1:;P2:;P3:9;P4:;P5:,8 8 5 5 5 5 1 9 3 7 7 ,10 ,79,00:00
undefined,localEx,3,9,1553135307806,0,Starting new game,8,P0:;P1:;P2:;P3:;P4:;P5:8,4 4 1 5 5 8 8 6 2 2 2 ,9 ,79,00:00


undefined,localEx,6,0,1553140418006,0,Read new file,,P0:;P1:;P2:;P3:;P4:;P5:,-,-,NaN,undefined:undefined
undefined,localEx,6,0,1553140424077,0,Clear path,,P0:;P1:;P2:;P3:;P4:;P5:,7 7 2 9 3 3 9 5 1 6 2 6 7 10 2 , ,75,02:56
undefined,localEx,6,0,1553140425103,0,Added cell 3-8-true,,P0:;P1:;P2:;P3:;P4:;P5:,7 7 2 9 3 9 5 1 6 2 6 7 10 2 , ,70,02:55
undefined,localEx,6,0,1553140425560,0,Added cell 4-8-true,,P0:;P1:;P2:;P3:;P4:;P5:,7 7 2 9 9 5 1 6 2 6 7 10 2 , ,65,02:54
undefined,localEx,6,0,1553140425991,0,Added cell 5-8-true,,P0:;P1:;P2:;P3:;P4:;P5:,7 7 2 9 9 5 6 2 6 7 10 2 , ,60,02:54
undefined,localEx,6,0,1553140426445,0,Added cell 5-7-true,,P0:;P1:;P2:;P3:;P4:;P5:,7 7 2 9 9 6 2 6 7 10 2 , ,55,02:53
undefined,localEx,6,0,1553140426936,0,Denied adding cell 6-7-false,,P0:;P1:;P2:;P3:;P4:;P5:,7 7 2 9 9 6 2 6 7 10 2 , ,55,02:53
undefined,localEx,6,0,1553140429059,0,Added cell 5-6-true,,P0:;P1:;P2:;P3:;P4:;P5:,7 7 2 9 6 2 6 7 10 2 , ,50,02:51
undefined,localEx,6,0,1553140429736,0,Added cell 6-6-true,,P0:;P1:;P2:;P3:;P4:;P5:,7 2 9 6 2 6 7 10 2 , ,45,02:50
undefined,localEx,6,0,1553140430344,0,Added cell 6-5-true,,P0:;P1:;P2:;P3:;P4:;P5:,7 2 9 2 6 7 10 2 , ,40,02:49
undefined,localEx,6,0,1553140430807,0,Added cell 6-4-true,,P0:;P1:;P2:;P3:;P4:;P5:,7 9 2 6 7 10 2 , ,35,02:49
undefined,localEx,6,0,1553140431376,0,Added cell 6-3-true,,P0:;P1:;P2:;P3:;P4:;P5:,7 9 2 7 10 2 , ,30,02:48
undefined,localEx,6,0,1553140431794,0,Added cell 6-2-true,,P0:;P1:;P2:;P3:;P4:;P5:,7 9 7 10 2 , ,25,02:48
undefined,localEx,6,0,1553140433459,0,Added cell 7-2-true,,P0:;P1:;P2:;P3:;P4:;P5:,7 9 7 2 , ,120,02:46
undefined,localEx,6,0,1553140435359,0,Clear path,,P0:;P1:;P2:;P3:;P4:;P5:,7 9 7 2 3 3 9 5 1 2 6 2 6 7 10 , ,75,02:44
undefined,localEx,6,0,1553140443346,0,Restore suggested path,,P0:;P1:;P2:;P3:;P4:;P5:,7 7 2 9 , ,120,02:36
undefined,localEx,6,0,1553140445476,0,Clear path,,P0:;P1:;P2:;P3:;P4:;P5:,7 7 2 9 3 3 9 5 1 6 2 6 7 10 2 , ,75,02:34
undefined,localEx,6,0,1553140446380,0,Restore suggested path,,P0:;P1:;P2:;P3:;P4:;P5:,7 7 2 9 , ,120,02:33
undefined,localEx,6,0,1553140599107,0,Time is up!,,P0:;P1:;P2:;P3:;P4:;P5:,7 7 2 9 , ,120,00:00
undefined,localEx,8,1,1553140599188,0,Starting new game,,P0:;P1:;P2:;P3:;P4:;P5:,10 4 4 4 4 1 2 2 5 5 , ,150,00:00


1553151197641,,2,0,1553152077239,0,Read new file,,P0:;P1:;P2:;P3:;P4:;P5:,-,-,NaN,undefined:undefined
1553151197641,,2,0,1553152079672,0,Clear path,,P0:;P1:;P2:;P3:;P4:;P5:,4 4 4 4 4,  ,25,02:59
1553151197641,,2,0,1553152080737,0,Denied adding cell 2-3-false,,P0:;P1:;P2:;P3:;P4:;P5:,4 4 4 4 4, ,25,02:58
1553151197641,,2,0,1553152084974,0,Restore suggested path,1 1 1 1,P0:;P1:1,1;P2:1,1;P3:;P4:;P5:,4 4 4 4 4,2 2 2 2 ,-39,02:54
1553151197641,,2,0,1553152087628,0,Clear path,,P0:;P1:;P2:;P3:;P4:;P5:,4 4 4 4 4,  ,25,02:51
1553151197641,,2,0,1553152088888,0,Motivation: wewe,,P0:;P1:;P2:;P3:;P4:;P5:,4 4 4 4 4, ,25,02:50
1553151197641,,3,1,1553152088923,0,Starting new game. Result current game: Correct,1 1,P0:;P1:1,1;P2:;P3:;P4:;P5:,4 4 4 ,2 2 ,33,02:50

1553151197641,,3,1,1553152095640,0,Clear path,,P0:;P1:;P2:;P3:;P4:;P5:,4 4 4 2 2 , ,25,02:55
1553151197641,,3,1,1553152096531,0,Added cell 2-3-true,,P0:;P1:;P2:;P3:;P4:;P5:,4 4 4 2 , ,20,02:54
1553151197641,,3,1,1553152096899,0,Added cell 2-2-true,,P0:;P1:;P2:;P3:;P4:;P5:,4 4 4 , ,15,02:54
1553151197641,,3,1,1553152097332,0,Denied adding cell 2-1-false,,P0:;P1:;P2:;P3:;P4:;P5:,4 4 4 , ,15,02:53
1553151197641,,3,1,1553152272827,0,Time is up!,,P0:;P1:;P2:;P3:;P4:;P5:,4 4 4 , ,15,00:00
1553151197641,,1,2,1553152276987,0,Starting new game. Result current game: Incorrect,1 1 1,P0:;P1:1,1,1;P2:;P3:;P4:;P5:,3 3 3 3 3 3 3 3 3,2 2 2 ,57,00:00


1553151197641,,1,0,1553152302332,0,Read new file,,P0:;P1:;P2:;P3:;P4:;P5:,-,-,NaN,undefined:undefined
1553151197641,,1,0,1553152303229,0,Tried to add own cell 2-4,1 1 1,P0:;P1:1,1,1;P2:;P3:;P4:;P5:,3 3 3 3 3 3 3 3 3,2 2 2 ,107,undefined:undefined
1553151197641,,1,0,1553152305593,0,Tried to add own cell 2-4,1 1 1,P0:;P1:1,1,1;P2:;P3:;P4:;P5:,3 3 3 3 3 3 3 3 3,2 2 2 ,107,02:58
1553151197641,,1,0,1553152306200,0,Tried to add own cell 2-4,1 1 1,P0:;P1:1,1,1;P2:;P3:;P4:;P5:,3 3 3 3 3 3 3 3 3,2 2 2 ,107,02:58
1553151197641,,1,0,1553152306784,0,Tried to add own cell 2-4,1 1 1,P0:;P1:1,1,1;P2:;P3:;P4:;P5:,3 3 3 3 3 3 3 3 3,2 2 2 ,107,02:57
1553151197641,,1,0,1553152307109,0,Tried to add own cell 2-4,1 1 1,P0:;P1:1,1,1;P2:;P3:;P4:;P5:,3 3 3 3 3 3 3 3 3,2 2 2 ,107,02:57
1553151197641,,1,0,1553152307448,0,Tried to add own cell 2-4,1 1 1,P0:;P1:1,1,1;P2:;P3:;P4:;P5:,3 3 3 3 3 3 3 3 3,2 2 2 ,107,02:56
1553151197641,,1,0,1553152309682,0,ChipRequest;From;1;Colour;5;ReqNrOfChips;1;Success;false,1 1 1,P0:;P1:1,1,1;P2:;P3:;P4:;P5:,3 3 3 3 3 3 3 3 3,2 2 2 ,107,02:54
1553151197641,,1,0,1553152310431,0,ChipRequest;From;1;Colour;5;ReqNrOfChips;1;Success;false,1 1 1,P0:;P1:1,1,1;P2:;P3:;P4:;P5:,3 3 3 3 3 3 3 3 3,2 2 2 ,107,02:53
1553151197641,,1,0,1553152310936,0,ChipRequest;From;1;Colour;5;ReqNrOfChips;1;Success;false,1 1 1,P0:;P1:1,1,1;P2:;P3:;P4:;P5:,3 3 3 3 3 3 3 3 3,2 2 2 ,107,02:53
1553151197641,,1,0,1553152311319,0,ChipRequest;From;1;Colour;5;ReqNrOfChips;1;Success;false,1 1 1,P0:;P1:1,1,1;P2:;P3:;P4:;P5:,3 3 3 3 3 3 3 3 3,2 2 2 ,107,02:53
1553151197641,,1,0,1553152311668,0,ChipRequest;From;1;Colour;5;ReqNrOfChips;1;Success;false,1 1 1,P0:;P1:1,1,1;P2:;P3:;P4:;P5:,3 3 3 3 3 3 3 3 3,2 2 2 ,107,02:52
1553151197641,,1,0,1553152312017,0,ChipRequest;From;1;Colour;5;ReqNrOfChips;1;Success;false,1 1 1,P0:;P1:1,1,1;P2:;P3:;P4:;P5:,3 3 3 3 3 3 3 3 3,2 2 2 ,107,02:52
1553151197641,,1,0,1553152312624,0,ChipRequest;From;1;Colour;5;ReqNrOfChips;1;Success;false,1 1 1,P0:;P1:1,1,1;P2:;P3:;P4:;P5:,3 3 3 3 3 3 3 3 3,2 2 2 ,107,02:51
1553151197641,,1,0,1553152331074,0,Clear path,,P0:;P1:;P2:;P3:;P4:;P5:,3 3 3 3 3 3 3 3 3 2 ,  ,50,02:33
1553151197641,,1,0,1553152332174,0,Added cell 2-0-true,,P0:;P1:;P2:;P3:;P4:;P5:,3 3 3 3 3 3 3 3 3 , ,45,02:32
1553151197641,,1,0,1553152332624,0,Denied adding cell 2-1-false,,P0:;P1:;P2:;P3:;P4:;P5:,3 3 3 3 3 3 3 3 3 , ,45,02:31
1553151197641,,1,0,1553152336380,0,Added cell 3-0-true,,P0:;P1:;P2:;P3:;P4:;P5:,3 3 3 3 3 3 3 3 , ,40,02:27
1553151197641,,1,0,1553152336763,0,Added cell 3-1-true,,P0:;P1:;P2:;P3:;P4:;P5:,3 3 3 3 3 3 3 , ,35,02:27
1553151197641,,1,0,1553152337123,0,Added cell 3-2-true,,P0:;P1:;P2:;P3:;P4:;P5:,3 3 3 3 3 3 , ,30,02:27
1553151197641,,1,0,1553152337471,0,Added cell 3-3-true,,P0:;P1:;P2:;P3:;P4:;P5:,3 3 3 3 3 , ,25,02:26
1553151197641,,1,0,1553152337809,0,Added cell 3-4-true,,P0:;P1:;P2:;P3:;P4:;P5:,3 3 3 3 , ,170,02:26
1553151197641,,1,0,1553152353045,1,Changed player,,P0:;P1:;P2:;P3:;P4:;P5:,2 2 2 2 2 2 2,3 ,59,02:11
1553151197641,,1,0,1553152360649,1,Clear path,,P0:;P1:;P2:;P3:;P4:;P5:,2 2 2 2 2 2 2 2 2 2 , ,50,02:03
1553151197641,,1,0,1553152362359,1,Added cell 2-0-true,,P0:;P1:;P2:;P3:;P4:;P5:,2 2 2 2 2 2 2 2 2 , ,45,02:02
1553151197641,,1,0,1553152362772,1,Added cell 2-1-true,,P0:;P1:;P2:;P3:;P4:;P5:,2 2 2 2 2 2 2 2 , ,40,02:01
1553151197641,,1,0,1553152363203,1,Added cell 2-2-true,,P0:;P1:;P2:;P3:;P4:;P5:,2 2 2 2 2 2 2 , ,35,02:01
1553151197641,,1,0,1553152364416,1,ChipRequest;From;0;Colour;3;ReqNrOfChips;1;Success;true,,P0:;P1:;P2:;P3:;P4:;P5:,2 2 2 2 2 2 2 , ,35,01:59
1553151197641,,1,0,1553152365490,1,Added cell 3-2-false,2,P0:2;P1:;P2:;P3:;P4:;P5:,2 2 2 2 2 2 2 , 3 ,109,01:58
1553151197641,,1,0,1553152368100,1,Restore suggested path,,P0:;P1:;P2:;P3:;P4:;P5:,2 2 2 2 2 2 2,3 ,35,01:56
1553151197641,,1,0,1553152369793,1,Clear path,,P0:;P1:;P2:;P3:;P4:;P5:,2 2 2 2 2 2 2 2 2 2 , ,50,01:54
1553151197641,,1,0,1553152370497,1,Restore suggested path,,P0:;P1:;P2:;P3:;P4:;P5:,2 2 2 2 2 2 2,3 ,35,01:53
1553151197641,,1,0,1553152373766,1,Clear path,,P0:;P1:;P2:;P3:;P4:;P5:,2 2 2 2 2 2 2 2 2 2 , ,50,01:50
1553151197641,,1,0,1553152374449,1,Restore suggested path,,P0:;P1:;P2:;P3:;P4:;P5:,2 2 2 2 2 2 2,3 ,35,01:49
1553151197641,,1,0,1553152379739,1,ChipRequest;From;0;Colour;3;ReqNrOfChips;1;Success;true,,P0:;P1:;P2:;P3:;P4:;P5:,2 2 2 2 2 2 2,3 ,35,01:44
1553151197641,,1,0,1553152380920,1,Removed cell 3-2-false,2,P0:2;P1:;P2:;P3:;P4:;P5:,2 2 2 2 2 2 2, ,-41,01:43
1553151197641,,1,0,1553152381358,1,Added cell 3-2-false,2,P0:2;P1:;P2:;P3:;P4:;P5:,2 2 2 2 2 2 2, 3 ,115,01:43
1553151197641,,1,0,1553152384274,1,Clear path,,P0:;P1:;P2:;P3:;P4:;P5:,2 2 2 2 2 2 2 2 2 2 , ,50,01:40
1553151197641,,1,0,1553152384607,1,Restore suggested path,,P0:;P1:;P2:;P3:;P4:;P5:,2 2 2 2 2 2 2,3 ,35,01:39
1553151197641,,1,0,1553152386678,1,ChipRequest;From;0;Colour;3;ReqNrOfChips;1;Success;true,,P0:;P1:;P2:;P3:;P4:;P5:,2 2 2 2 2 2 2,3 ,35,01:37
1553151197641,,1,0,1553152483362,1,Time is up!,2,P0:2;P1:;P2:;P3:;P4:;P5:,2 2 2 2 2 2 2,3 ,109,00:00
1553151197641,,2,1,1553152483418,0,Starting new game. Result current game: Incorrect,1 1 1 1,P0:;P1:1,1;P2:1,1;P3:;P4:;P5:,4 4 4 4 4,2 2 2 2 ,11,00:00

1553151197641,,2,1,1553152628103,1,Changed player,1 1 1 1,P0:;P1:;P2:;P3:;P4:;P5:,2 2,,110,00:37
1553151197641,,2,1,1553152630843,1,Clear path,,P0:;P1:;P2:;P3:;P4:;P5:,2 2 2 2 3 ,,25,00:34
1553151197641,,2,1,1553152631247,1,Restore suggested path,,P0:;P1:;P2:;P3:;P4:;P5:,2 2,,160,00:34
1553151197641,,2,1,1553152633197,1,Restore suggested path,,P0:;P1:;P2:;P3:;P4:;P5:,2 2,,160,00:32
1553151197641,,2,1,1553152634390,1,Removed cell 2-0-true,,P0:;P1:;P2:;P3:;P4:;P5:,2 2 2 ,,15,00:31
1553151197641,,2,1,1553152634744,1,Removed cell 2-1-true,,P0:;P1:;P2:;P3:;P4:;P5:,2 2 2 2 ,,20,00:30
1553151197641,,2,1,1553152635195,1,Removed cell 3-1-false,,P0:;P1:;P2:;P3:;P4:;P5:,2 2 2 2 3 ,,25,00:30
1553151197641,,2,1,1553152635723,1,Added cell 3-1-true,,P0:;P1:;P2:;P3:;P4:;P5:,2 2 2 2 ,,20,00:29
1553151197641,,2,1,1553152636199,1,Added cell 2-1-true,,P0:;P1:;P2:;P3:;P4:;P5:,2 2 2 ,,15,00:29
1553151197641,,2,1,1553152636623,1,Added cell 2-0-true,,P0:;P1:;P2:;P3:;P4:;P5:,2 2 ,,160,00:28
1553151197641,,2,1,1553152638464,2,Changed player,,P0:;P1:;P2:;P3:;P4:;P5:,3 2 2,,115,00:26
1553151197641,,2,1,1553152640687,2,Removed cell 2-0-true,,P0:;P1:;P2:;P3:;P4:;P5:,3 2 2 2 ,,-50,00:24
1553151197641,,2,1,1553152641090,2,Added cell 2-0-true,,P0:;P1:;P2:;P3:;P4:;P5:,3 2 2 ,,95,00:24
1553151197641,,2,1,1553152641799,2,Removed cell 2-0-true,,P0:;P1:;P2:;P3:;P4:;P5:,3 2 2 2 ,,-50,00:23
1553151197641,,2,1,1553152642138,2,Added cell 2-0-true,,P0:;P1:;P2:;P3:;P4:;P5:,3 2 2 ,,95,00:23
1553151197641,,2,1,1553152643707,1,Changed player,,P0:;P1:;P2:;P3:;P4:;P5:,2 2 ,,160,00:21
1553151197641,,2,1,1553152647672,1,ChipRequest;From;0;Colour;9;ReqNrOfChips;1;Success;false,,P0:;P1:;P2:;P3:;P4:;P5:,2 2 ,,160,00:17
1553151197641,,2,1,1553152664420,1,Time is up!,,P0:;P1:;P2:;P3:;P4:;P5:,2 2 ,,160,00:00
1553151197641,,3,2,1553152700937,0,Starting new game. Result current game: Incorrect,1 1,P0:;P1:1,1;P2:;P3:;P4:;P5:,4 4 4 ,2 2 ,83,00:00


1553151197641,,2,0,1553152724769,0,Read new file,,P0:;P1:;P2:;P3:;P4:;P5:,-,-,NaN,undefined:undefined
1553151197641,,2,0,1553152730623,1,Changed player,1 1 1 1,P0:;P1:;P2:;P3:;P4:;P5:,2 2,,110,02:56
1553151197641,,2,0,1553152733218,2,Changed player,1 1 1 1,P0:;P1:;P2:;P3:;P4:;P5:,3 2 2,,115,02:53
1553151197641,,2,0,1553152734496,1,Changed player,1 1 1 1,P0:;P1:;P2:;P3:;P4:;P5:,2 2,,110,02:52
1553151197641,,2,0,1553152736466,2,Changed player,1 1 1 1,P0:;P1:;P2:;P3:;P4:;P5:,3 2 2,,115,02:50
1553151197641,,2,0,1553152739166,2,Motivation: aaa,1 1 1 1,P0:;P1:;P2:;P3:;P4:;P5:,3 2 2,,115,02:47
1553151197641,,3,1,1553152739199,0,Starting new game. Result current game: Incorrect,1 1,P0:;P1:1,1;P2:;P3:;P4:;P5:,4 4 4 ,2 2 ,83,02:47

1553151197641,,3,1,1553152740597,2,Changed player,1 1,P0:;P1:;P2:;P3:;P4:;P5:,3 2 2,,115,03:00
1553151197641,,3,1,1553152741103,1,Changed player,1 1,P0:;P1:;P2:;P3:;P4:;P5:,2 2,,110,03:00
1553151197641,,3,1,1553152743296,2,Changed player,1 1,P0:;P1:;P2:;P3:;P4:;P5:,3 2 2,,115,02:57
1553151197641,,3,1,1553152745545,2,Motivation: bb,1 1,P0:;P1:;P2:;P3:;P4:;P5:,3 2 2,,115,02:55
1553151197641,,1,2,1553152745569,0,Starting new game. Result current game: Incorrect,1 1 1,P0:;P1:1,1,1;P2:;P3:;P4:;P5:,3 3 3 3 3 3 3 3 3,2 2 2 ,107,02:55


1553151197641,,2,0,1553152814860,0,Read new file,,P0:;P1:;P2:;P3:;P4:;P5:,-,-,NaN,undefined:undefined
1553151197641,,2,0,1553152995905,0,Time is up!,1 1 1 1,P0:;P1:1,1;P2:1,1;P3:;P4:;P5:,4 4 4 4 4,2 2 2 2 ,11,00:00
1553151197641,,1,1,1553153016002,0,Starting new game. Result current game: Incorrect,1 1 1,P0:;P1:1,1,1;P2:;P3:;P4:;P5:,3 3 3 3 3 3 3 3 3,2 2 2 ,107,00:00


1553151197641,,1,0,1553153185072,0,Read new file,,P0:;P1:;P2:;P3:;P4:;P5:,-,-,NaN,undefined:undefined
1553151197641,,1,0,1553153192809,0,Motivation: abc,1 1 1,P0:;P1:1,1,1;P2:;P3:;P4:;P5:,3 3 3 3 3 3 3 3 3,2 2 2 ,107,02:54
1553151197641,,2,1,1553153192843,0,Starting new game. Result current game: Incorrect,1 1 1 1,P0:;P1:1,1;P2:1,1;P3:;P4:;P5:,4 4 4 4 4,2 2 2 2 ,11,02:54

1553151197641,,2,1,1553153196790,0,Restore suggested path,1 1 1 1,P0:;P1:1,1;P2:1,1;P3:;P4:;P5:,4 4 4 4 4,2 2 2 2 ,11,02:58
1553151197641,,2,1,1553153197282,0,Restore suggested path,1 1 1 1,P0:;P1:1,1;P2:1,1;P3:;P4:;P5:,4 4 4 4 4,2 2 2 2 ,11,02:57
1553151197641,,2,1,1553153197462,0,Restore suggested path,1 1 1 1,P0:;P1:1,1;P2:1,1;P3:;P4:;P5:,4 4 4 4 4,2 2 2 2 ,11,02:57
1553151197641,,2,1,1553153197917,0,Clear path,,P0:;P1:;P2:;P3:;P4:;P5:,4 4 4 4 4,  ,25,02:56
1553151197641,,2,1,1553153200962,0,Motivation: aa,,P0:;P1:;P2:;P3:;P4:;P5:,4 4 4 4 4, ,25,02:53
1553151197641,,3,2,1553153200999,0,Starting new game. Result current game: Correct,1 1,P0:;P1:1,1;P2:;P3:;P4:;P5:,4 4 4 ,2 2 ,83,02:53


1553151197641,,3,0,1553153208646,0,Read new file,,P0:;P1:;P2:;P3:;P4:;P5:,-,-,NaN,undefined:undefined
1553151197641,,3,0,1553153229125,0,Motivation: aa,1 1,P0:;P1:1,1;P2:;P3:;P4:;P5:,4 4 4 ,2 2 ,83,02:41
1553151197641,,2,1,1553153229159,0,Starting new game. Result current game: Incorrect,1 1 1 1,P0:;P1:1,1;P2:1,1;P3:;P4:;P5:,4 4 4 4 4,2 2 2 2 ,11,02:41


1553151197641,,2,0,1553153628495,0,Read new file,,P0:;P1:;P2:;P3:;P4:;P5:,-,-,NaN,undefined:undefined
1553151197641,,2,0,1553153634941,0,Clear path,,P0:;P1:;P2:;P3:;P4:;P5:,4 4 4 4 4,  ,25,02:57
1553151197641,,2,0,1553153636350,0,Denied adding cell 2-3-false,,P0:;P1:;P2:;P3:;P4:;P5:,4 4 4 4 4, ,25,02:55
1553151197641,,2,0,1553153638695,0,ChipRequest;From;1;Colour;2;ReqNrOfChips;1;Success;true,,P0:;P1:;P2:;P3:;P4:;P5:,4 4 4 4 4, ,25,02:53
1553151197641,,2,0,1553153639123,0,ChipRequest;From;1;Colour;2;ReqNrOfChips;2;Success;true,1,P0:;P1:1;P2:;P3:;P4:;P5:,4 4 4 4 4, ,-51,02:52
1553151197641,,2,0,1553153640137,0,ChipRequest;From;2;Colour;2;ReqNrOfChips;1;Success;true,1 1,P0:;P1:1,1;P2:;P3:;P4:;P5:,4 4 4 4 4, ,-57,02:51
1553151197641,,2,0,1553153640337,0,ChipRequest;From;2;Colour;2;ReqNrOfChips;2;Success;true,1 1 1,P0:;P1:1,1;P2:1;P3:;P4:;P5:,4 4 4 4 4, ,-133,02:51
1553151197641,,2,0,1553153641891,0,Added cell 2-3-false,1 1 1 1,P0:;P1:1,1;P2:1,1;P3:;P4:;P5:,4 4 4 4 4, 2 ,-139,02:50
1553151197641,,2,0,1553153642443,0,Added cell 2-2-false,1 1 1 1,P0:;P1:1,1;P2:1,1;P3:;P4:;P5:,4 4 4 4 4, 2 2 ,-115,02:49
1553151197641,,2,0,1553153643028,0,Added cell 2-1-false,1 1 1 1,P0:;P1:1,1;P2:1,1;P3:;P4:;P5:,4 4 4 4 4, 2 2 2 ,-115,02:48
1553151197641,,2,0,1553153645142,0,Added cell 2-0-false,1 1 1 1,P0:;P1:1,1;P2:1,1;P3:;P4:;P5:,4 4 4 4 4, 2 2 2 2 ,35,02:48
1553151197641,,2,0,1553153812782,0,Time is up!,1 1 1 1,P0:;P1:1,1;P2:1,1;P3:;P4:;P5:,4 4 4 4 4, 2 2 2 2 ,35,00:00
1553151197641,,1,1,1553153812847,0,Starting new game. Result current game: Incorrect,1 1 1,P0:;P1:1,1,1;P2:;P3:;P4:;P5:,3 3 3 3 3 3 3 3 3,2 2 2 ,107,00:00

1553151197641,,1,1,1553154004784,0,Time is up!,1 1 1,P0:;P1:1,1,1;P2:;P3:;P4:;P5:,3 3 3 3 3 3 3 3 3,2 2 2 ,107,00:00
1553151197641,,3,2,1553154004865,0,Starting new game. Result current game: Incorrect,1 1,P0:;P1:1,1;P2:;P3:;P4:;P5:,4 4 4 ,2 2 ,83,00:00


1553151197641,,3,0,1553154192904,0,Read new file,,P0:;P1:;P2:;P3:;P4:;P5:,-,-,NaN,undefined:undefined
1553151197641,,3,0,1553154200295,0,Clear path,,P0:;P1:;P2:;P3:;P4:;P5:,4 4 4 2 2 , ,25,02:56
1553151197641,,3,0,1553154202767,0,ChipRequest;From;1;Colour;2;ReqNrOfChips;1;Success;true,,P0:;P1:;P2:;P3:;P4:;P5:,4 4 4 2 2 , ,25,02:54
1553151197641,,3,0,1553154203238,0,ChipRequest;From;1;Colour;2;ReqNrOfChips;2;Success;true,1,P0:;P1:1;P2:;P3:;P4:;P5:,4 4 4 2 2 , ,-51,02:53
1553151197641,,3,0,1553154204220,0,Added cell 2-3-true,1 1,P0:;P1:1,1;P2:;P3:;P4:;P5:,4 4 4 2 , ,-62,02:52
1553151197641,,3,0,1553154204860,0,Added cell 2-2-true,1 1,P0:;P1:1,1;P2:;P3:;P4:;P5:,4 4 4 , ,-55,02:52
1553151197641,,3,0,1553154205457,0,Added cell 2-1-false,1 1,P0:;P1:1,1;P2:;P3:;P4:;P5:,4 4 4 , 2 ,-55,02:51
1553151197641,,3,0,1553154206874,0,Added cell 2-0-false,1 1,P0:;P1:1,1;P2:;P3:;P4:;P5:,4 4 4 , 2 2 ,95,02:50
1553151197641,,3,0,1553154213417,0,Restore suggested path,1 1,P0:;P1:1,1;P2:;P3:;P4:;P5:,4 4 4 ,2 2 ,83,02:45
1553151197641,,3,0,1553154378790,0,Time is up!,1 1,P0:;P1:1,1;P2:;P3:;P4:;P5:,4 4 4 ,2 2 ,83,00:00
1553151197641,,2,1,1553154465887,0,Starting new game. Result current game: Incorrect,1 1 1 1,P0:;P1:1,1;P2:1,1;P3:;P4:;P5:,4 4 4 4 4,2 2 2 2 ,11,00:00


1553151197641,,1,0,1553154875168,0,Read new file,,P0:;P1:;P2:;P3:;P4:;P5:,-,-,NaN,undefined:undefined
1553151197641,,1,0,1553154880812,0,Clear path,,P0:;P1:;P2:;P3:;P4:;P5:,3 3 3 3 3 3 3 3 3 2 ,  ,50,03:00
1553151197641,,1,0,1553154883285,0,Added cell 2-3-true,,P0:;P1:;P2:;P3:;P4:;P5:,3 3 3 3 3 3 3 3 3 , ,45,02:57
1553151197641,,1,0,1553154884235,0,ChipRequest;From;1;Colour;2;ReqNrOfChips;1;Success;true,,P0:;P1:;P2:;P3:;P4:;P5:,3 3 3 3 3 3 3 3 3 , ,45,02:56
1553151197641,,1,0,1553154887226,0,ChipRequest;From;1;Colour;2;ReqNrOfChips;2;Success;true,1,P0:;P1:1;P2:;P3:;P4:;P5:,3 3 3 3 3 3 3 3 3 , ,-31,02:55
1553151197641,,1,0,1553154889223,0,Added cell 2-2-false,1 1,P0:;P1:1,1;P2:;P3:;P4:;P5:,3 3 3 3 3 3 3 3 3 , 2 ,-37,02:53
1553151197641,,1,0,1553154889750,0,Added cell 2-1-false,1 1,P0:;P1:1,1;P2:;P3:;P4:;P5:,3 3 3 3 3 3 3 3 3 , 2 2 ,-37,02:52
1553151197641,,1,0,1553154890756,0,Denied adding cell 2-0-false,1 1,P0:;P1:1,1;P2:;P3:;P4:;P5:,3 3 3 3 3 3 3 3 3 , 2 2 ,-37,02:51
1553151197641,,1,0,1553154893413,0,ChipRequest;From;1;Colour;2;ReqNrOfChips;3;Success;true,1 1,P0:;P1:1,1;P2:;P3:;P4:;P5:,3 3 3 3 3 3 3 3 3 , 2 2 ,-37,02:49
1553151197641,,1,0,1553154895188,0,Added cell 2-0-false,1 1 1,P0:;P1:1,1,1;P2:;P3:;P4:;P5:,3 3 3 3 3 3 3 3 3 , 2 2 2 ,107,02:48
1553151197641,,1,0,1553154904348,0,Restore suggested path,1 1 1,P0:;P1:1,1,1;P2:;P3:;P4:;P5:,3 3 3 3 3 3 3 3 3,2 2 2 ,107,02:42
1553151197641,,1,0,1553154906092,0,Clear path,,P0:;P1:;P2:;P3:;P4:;P5:,3 3 3 3 3 3 3 3 3 2 ,  ,50,02:40
1553151197641,,1,0,1553154909382,0,Restore suggested path,1 1 1,P0:;P1:1,1,1;P2:;P3:;P4:;P5:,3 3 3 3 3 3 3 3 3,2 2 2 ,107,02:38
1553151197641,,1,0,1553154914752,0,Motivation: aa,1 1 1,P0:;P1:1,1,1;P2:;P3:;P4:;P5:,3 3 3 3 3 3 3 3 3,2 2 2 ,107,02:31
1553151197641,,2,1,1553154919685,0,Starting new game. Result current game: Incorrect,1 1 1 1,P0:;P1:1,1;P2:1,1;P3:;P4:;P5:,4 4 4 4 4,2 2 2 2 ,11,02:31

1553151197641,,2,1,1553154925887,0,Clear path,,P0:;P1:;P2:;P3:;P4:;P5:,4 4 4 4 4,  ,25,02:56
1553151197641,,2,1,1553154927893,0,ChipRequest;From;2;Colour;2;ReqNrOfChips;1;Success;true,,P0:;P1:;P2:;P3:;P4:;P5:,4 4 4 4 4, ,25,02:53
1553151197641,,2,1,1553154930303,0,ChipRequest;From;2;Colour;2;ReqNrOfChips;2;Success;true,1,P0:;P1:;P2:1;P3:;P4:;P5:,4 4 4 4 4, ,-51,02:51
1553151197641,,2,1,1553154931884,0,ChipRequest;From;1;Colour;2;ReqNrOfChips;1;Success;true,1 1,P0:;P1:;P2:1,1;P3:;P4:;P5:,4 4 4 4 4, ,-57,02:49
1553151197641,,2,1,1553154936772,0,ChipRequest;From;1;Colour;2;ReqNrOfChips;2;Success;true,1 1 1,P0:;P1:1;P2:1,1;P3:;P4:;P5:,4 4 4 4 4, ,-133,02:46
1553151197641,,2,1,1553154938903,0,Added cell 2-3-false,1 1 1 1,P0:;P1:1,1;P2:1,1;P3:;P4:;P5:,4 4 4 4 4, 2 ,-139,02:44
1553151197641,,2,1,1553154939453,0,Added cell 2-2-false,1 1 1 1,P0:;P1:1,1;P2:1,1;P3:;P4:;P5:,4 4 4 4 4, 2 2 ,-139,02:44
1553151197641,,2,1,1553154940027,0,Added cell 2-1-false,1 1 1 1,P0:;P1:1,1;P2:1,1;P3:;P4:;P5:,4 4 4 4 4, 2 2 2 ,-139,02:43
1553151197641,,2,1,1553154940622,0,Added cell 2-0-false,1 1 1 1,P0:;P1:1,1;P2:1,1;P3:;P4:;P5:,4 4 4 4 4, 2 2 2 2 ,11,02:43
1553151197641,,2,1,1553154945793,2,Changed player,1 1 1 1,P0:;P1:;P2:;P3:;P4:;P5:,3 2 2,,115,02:38
1553151197641,,2,1,1553154946912,2,Changed player,1 1 1 1,P0:;P1:;P2:;P3:;P4:;P5:,3 2 2,,115,02:37
1553151197641,,2,1,1553154948007,1,Changed player,1 1 1 1,P0:;P1:;P2:;P3:;P4:;P5:,2 2,,110,02:36
1553151197641,,2,1,1553154953411,1,Clear path,,P0:;P1:;P2:;P3:;P4:;P5:,2 2 2 2 3 ,,25,02:32
1553151197641,,2,1,1553154954775,1,Added cell 2-0-true,,P0:;P1:;P2:;P3:;P4:;P5:,2 2 2 3 ,,20,02:29
1553151197641,,2,1,1553154955219,1,Added cell 2-1-true,,P0:;P1:;P2:;P3:;P4:;P5:,2 2 3 ,,15,02:29
1553151197641,,2,1,1553154955769,1,Added cell 3-1-true,,P0:;P1:;P2:;P3:;P4:;P5:,2 2 ,,160,02:28
1553151197641,,2,1,1553154958757,1,Restore suggested path,,P0:;P1:;P2:;P3:;P4:;P5:,2 2,,160,02:26
1553151197641,,2,1,1553154961072,1,Motivation: aa,,P0:;P1:;P2:;P3:;P4:;P5:,2 2,,160,02:23
1553151197641,,3,2,1553154962887,0,Starting new game. Result current game: Incorrect,1 1,P0:;P1:1,1;P2:;P3:;P4:;P5:,4 4 4 ,2 2 ,83,02:23


1553151197641,,1,0,1553155024154,0,Read new file,,P0:;P1:;P2:;P3:;P4:;P5:,-,-,NaN,undefined:undefined
1553151197641,,1,0,1553155218754,0,Time is up!,1 1 1,P0:;P1:1,1,1;P2:;P3:;P4:;P5:,3 3 3 3 3 3 3 3 3,2 2 2 ,107,00:00
1553151197641,,3,1,1553155218803,0,Starting new game. Result current game: Incorrect,1 1,P0:;P1:1,1;P2:;P3:;P4:;P5:,4 4 4 ,2 2 ,83,00:00

1553151197641,,3,1,1553155399806,0,Time is up!,1 1,P0:;P1:1,1;P2:;P3:;P4:;P5:,4 4 4 ,2 2 ,83,00:00
1553151197641,,2,2,1553155399843,0,Starting new game. Result current game: Incorrect,1 1 1 1,P0:;P1:1,1;P2:1,1;P3:;P4:;P5:,4 4 4 4 4,2 2 2 2 ,11,00:00


1553151197641,,2,0,1553156060193,0,Read new file,,P0:;P1:;P2:;P3:;P4:;P5:,-,-,NaN,undefined:undefined
1553151197641,,2,0,1553156062636,0,Clear path,,P0:;P1:;P2:;P3:;P4:;P5:,4 4 4 4 4,  ,25,02:59
1553151197641,,2,0,1553156065197,0,ChipRequest;From;1;Colour;2;ReqNrOfChips;1;Success;true,,P0:;P1:;P2:;P3:;P4:;P5:,4 4 4 4 4, ,25,02:57
1553151197641,,2,0,1553156065500,0,ChipRequest;From;1;Colour;2;ReqNrOfChips;2;Success;true,1,P0:;P1:1;P2:;P3:;P4:;P5:,4 4 4 4 4, ,-51,02:56
1553151197641,,2,0,1553156066423,0,ChipRequest;From;2;Colour;2;ReqNrOfChips;1;Success;true,1 1,P0:;P1:1,1;P2:;P3:;P4:;P5:,4 4 4 4 4, ,-57,02:55
1553151197641,,2,0,1553156066614,0,ChipRequest;From;2;Colour;2;ReqNrOfChips;2;Success;true,1 1 1,P0:;P1:1,1;P2:1;P3:;P4:;P5:,4 4 4 4 4, ,-133,02:55
1553151197641,,2,0,1553156067442,0,Added cell 2-3-false,1 1 1 1,P0:;P1:1,1;P2:1,1;P3:;P4:;P5:,4 4 4 4 4, 2 ,-139,02:54
1553151197641,,2,0,1553156067977,0,Added cell 2-2-false,1 1 1 1,P0:;P1:1,1;P2:1,1;P3:;P4:;P5:,4 4 4 4 4, 2 2 ,-139,02:54
1553151197641,,2,0,1553156068337,0,Added cell 2-1-false,1 1 1 1,P0:;P1:1,1;P2:1,1;P3:;P4:;P5:,4 4 4 4 4, 2 2 2 ,-139,02:53
1553151197641,,2,0,1553156068794,0,Added cell 2-0-false,1 1 1 1,P0:;P1:1,1;P2:1,1;P3:;P4:;P5:,4 4 4 4 4, 2 2 2 2 ,11,02:53
1553151197641,,2,0,1553156070710,0,Restore suggested path,1 1 1 1,P0:;P1:1,1;P2:1,1;P3:;P4:;P5:,4 4 4 4 4,2 2 2 2 ,11,02:51
1553151197641,,2,0,1553156071581,0,Clear path,,P0:;P1:;P2:;P3:;P4:;P5:,4 4 4 4 4,  ,25,02:50
1553151197641,,2,0,1553156071967,0,Restore suggested path,1 1 1 1,P0:;P1:1,1;P2:1,1;P3:;P4:;P5:,4 4 4 4 4,2 2 2 2 ,11,02:50
1553151197641,,2,0,1553156230809,1,Changed player,1 1 1 1,P0:;P1:;P2:;P3:;P4:;P5:,2 2,,110,00:11
1553151197641,,2,0,1553156233980,2,Changed player,1 1 1 1,P0:;P1:;P2:;P3:;P4:;P5:,3 2 2,,115,00:08
1553151197641,,2,0,1553156235580,1,Changed player,1 1 1 1,P0:;P1:;P2:;P3:;P4:;P5:,2 2,,110,00:06
1553151197641,,2,0,1553156236765,1,Clear path,,P0:;P1:;P2:;P3:;P4:;P5:,2 2 2 2 3 ,,25,00:05
1553151197641,,2,0,1553156237302,1,Restore suggested path,,P0:;P1:;P2:;P3:;P4:;P5:,2 2,,160,00:04
1553151197641,,2,0,1553156238362,1,Clear path,,P0:;P1:;P2:;P3:;P4:;P5:,2 2 2 2 3 ,,25,00:03
1553151197641,,2,0,1553156238862,1,Restore suggested path,,P0:;P1:;P2:;P3:;P4:;P5:,2 2,,160,00:03
1553151197641,,2,0,1553156241129,1,Clear path,,P0:;P1:;P2:;P3:;P4:;P5:,2 2 2 2 3 ,,25,00:01
1553151197641,,2,0,1553156241230,1,Time is up!,,P0:;P1:;P2:;P3:;P4:;P5:,2 2 2 2 3 ,,25,00:00
1553151197641,,3,1,1553156242198,0,Starting new game. Result current game: Incorrect,1 1,P0:;P1:1,1;P2:;P3:;P4:;P5:,4 4 4 ,2 2 ,83,00:00

1553151197641,,3,1,1553156245178,1,Changed player,1 1,P0:;P1:;P2:;P3:;P4:;P5:,2 2,,110,02:59
1553151197641,,3,1,1553156246131,2,Changed player,1 1,P0:;P1:;P2:;P3:;P4:;P5:,3 2 2,,115,02:58
1553151197641,,3,1,1553156248302,1,Changed player,1 1,P0:;P1:;P2:;P3:;P4:;P5:,2 2,,110,02:55
1553151197641,,3,1,1553156254031,1,Restore suggested path,,P0:;P1:;P2:;P3:;P4:;P5:,2 2,,160,02:50
1553151197641,,3,1,1553156254620,1,Clear path,,P0:;P1:;P2:;P3:;P4:;P5:,2 2 2 2 3 ,,25,02:49
1553151197641,,3,1,1553156255090,1,Restore suggested path,,P0:;P1:;P2:;P3:;P4:;P5:,2 2,,160,02:49
1553151197641,,3,1,1553156256924,1,Motivation: aa,,P0:;P1:;P2:;P3:;P4:;P5:,2 2,,160,02:47
1553151197641,,1,2,1553156256952,0,Starting new game. Result current game: Incorrect,1 1 1,P0:;P1:1,1,1;P2:;P3:;P4:;P5:,3 3 3 3 3 3 3 3 3,2 2 2 ,107,02:47


1553151197641,,1,0,1553156702654,0,Read new file,,P0:;P1:;P2:;P3:;P4:;P5:,-,-,NaN,undefined:undefined
1553151197641,,1,0,1553156709027,0,Motivation: aaa,1 1 1,P0:;P1:1,1,1;P2:;P3:;P4:;P5:,3 3 3 3 3 3 3 3 3,2 2 2 ,107,02:56
1553151197641,,2,1,1553156709863,0,Starting new game. Result current game: Incorrect,1 1 1 1,P0:;P1:1,1;P2:1,1;P3:;P4:;P5:,4 4 4 4 4,2 2 2 2 ,11,02:56


1553151197641,,1,0,1553157322131,0,Read new file,,P0:;P1:;P2:;P3:;P4:;P5:,-,-,NaN,undefined:undefined
1553151197641,,1,0,1553157326171,0,Motivation: aa,1 1 1,P0:;P1:1,1,1;P2:;P3:;P4:;P5:,3 3 3 3 3 3 3 3 3,2 2 2 ,57,undefined:undefined
1553151197641,,2,1,1553157326978,0,Starting new game. Result current game: Incorrect,1 1 1 1,P0:;P1:1,1;P2:1,1;P3:;P4:;P5:,4 4 4 4 4,2 2 2 2 ,-39,undefined:undefined


1553151197641,,1,0,1553157368551,0,Read new file,,P0:;P1:;P2:;P3:;P4:;P5:,-,-,NaN,undefined:undefined
1553151197641,,1,0,1553157380970,0,Motivation: aa,1 1 1,P0:;P1:1,1,1;P2:;P3:;P4:;P5:,3 3 3 3 3 3 3 3 3,2 2 2 ,107,02:51
1553151197641,,2,1,1553157701823,0,Starting new game. Result current game: Incorrect,1 1 1 1,P0:;P1:1,1;P2:1,1;P3:;P4:;P5:,4 4 4 4 4,2 2 2 2 ,11,02:51


1553151197641,,1,0,1553157809125,0,Read new file,,P0:;P1:;P2:;P3:;P4:;P5:,-,-,NaN,undefined:undefined
1553151197641,,1,0,1553157817792,0,Motivation: aa,1 1 1,P0:;P1:1,1,1;P2:;P3:;P4:;P5:,3 3 3 3 3 3 3 3 3,2 2 2 ,107,02:56
1553151197641,,3,1,1553157823371,0,Starting new game. Result current game: Incorrect,1 1,P0:;P1:1,1;P2:;P3:;P4:;P5:,4 4 4 ,2 2 ,83,02:56


1553151197641,,2,0,1553157834815,0,Read new file,,P0:;P1:;P2:;P3:;P4:;P5:,-,-,NaN,undefined:undefined
1553151197641,,2,0,1553157841841,0,Motivation: aa,1 1 1 1,P0:;P1:1,1;P2:1,1;P3:;P4:;P5:,4 4 4 4 4,2 2 2 2 ,11,02:56
1553151197641,,1,1,1553157846242,0,Starting new game. Result current game: Incorrect,1 1 1,P0:;P1:1,1,1;P2:;P3:;P4:;P5:,3 3 3 3 3 3 3 3 3,2 2 2 ,107,02:56


1553151197641,,3,0,1553157981167,0,Read new file,,P0:;P1:;P2:;P3:;P4:;P5:,-,-,NaN,undefined:undefined
1553151197641,,3,0,1553157985491,2,Changed player,1 1,P0:;P1:;P2:;P3:;P4:;P5:,3 2 2,,115,02:59
1553151197641,,3,0,1553158008365,2,Clear path,,P0:;P1:;P2:;P3:;P4:;P5:,3 2 2 2 ,,20,02:36
1553151197641,,3,0,1553158011834,2,Added cell 2-0-true,,P0:;P1:;P2:;P3:;P4:;P5:,3 2 2 ,,165,02:34
1553151197641,,3,0,1553158018857,1,Changed player,,P0:;P1:;P2:;P3:;P4:;P5:,2 2,,110,02:26
1553151197641,,3,0,1553158021439,1,Clear path,,P0:;P1:;P2:;P3:;P4:;P5:,2 2 2 2 3 ,,25,02:23
1553151197641,,3,0,1553158023770,1,Added cell 2-0-true,,P0:;P1:;P2:;P3:;P4:;P5:,2 2 2 3 ,,20,02:22
1553151197641,,3,0,1553158025142,1,Added cell 2-1-true,,P0:;P1:;P2:;P3:;P4:;P5:,2 2 3 ,,15,02:20
1553151197641,,3,0,1553158026853,1,Added cell 3-1-true,,P0:;P1:;P2:;P3:;P4:;P5:,2 2 ,,160,02:19
1553151197641,,3,0,1553158029493,1,Clear path,,P0:;P1:;P2:;P3:;P4:;P5:,2 2 2 2 3 ,,25,02:15
1553151197641,,3,0,1553158031500,1,Restore suggested path,,P0:;P1:;P2:;P3:;P4:;P5:,2 2,,160,02:15
1553151197641,,3,0,1553158035943,1,Restore suggested path,,P0:;P1:;P2:;P3:;P4:;P5:,2 2,,160,02:11
1553151197641,,3,0,1553158037608,1,Removed cell 3-1-false,,P0:;P1:;P2:;P3:;P4:;P5:,2 2 3 ,,15,02:10
1553151197641,,3,0,1553158038598,1,Removed cell 2-1-true,,P0:;P1:;P2:;P3:;P4:;P5:,2 2 3 2 ,,20,02:08
1553151197641,,3,0,1553158039020,1,Removed cell 2-0-true,,P0:;P1:;P2:;P3:;P4:;P5:,2 2 3 2 2 ,,25,02:07
1553151197641,,3,0,1553158040421,1,Added cell 2-0-true,,P0:;P1:;P2:;P3:;P4:;P5:,2 3 2 2 ,,20,02:07
1553151197641,,3,0,1553158041422,1,Added cell 2-1-true,,P0:;P1:;P2:;P3:;P4:;P5:,3 2 2 ,,15,02:06
1553151197641,,3,0,1553158042587,1,Added cell 3-1-true,,P0:;P1:;P2:;P3:;P4:;P5:,2 2 ,,160,02:05
1553151197641,,3,0,1553158045239,0,Changed player,,P0:;P1:1,1;P2:;P3:;P4:;P5:,4 4 4 ,2 2 ,83,02:01
1553151197641,,3,0,1553158047496,0,Clear path,,P0:;P1:;P2:;P3:;P4:;P5:,4 4 4 2 2 , ,25,01:59
1553151197641,,3,0,1553158054846,0,ChipRequest;From;1;Colour;2;ReqNrOfChips;1;Success;true,,P0:;P1:;P2:;P3:;P4:;P5:,4 4 4 2 2 , ,25,01:52
1553151197641,,3,0,1553158055394,0,ChipRequest;From;1;Colour;2;ReqNrOfChips;2;Success;true,1,P0:;P1:1;P2:;P3:;P4:;P5:,4 4 4 2 2 , ,-51,01:51
1553151197641,,3,0,1553158056437,0,Added cell 2-3-true,1 1,P0:;P1:1,1;P2:;P3:;P4:;P5:,4 4 4 2 , ,-62,01:50
1553151197641,,3,0,1553158057000,0,Added cell 2-2-true,1 1,P0:;P1:1,1;P2:;P3:;P4:;P5:,4 4 4 , ,-67,01:49
1553151197641,,3,0,1553158057385,0,Added cell 2-1-false,1 1,P0:;P1:1,1;P2:;P3:;P4:;P5:,4 4 4 , 2 ,-67,01:49
1553151197641,,3,0,1553158059153,0,Added cell 2-0-false,1 1,P0:;P1:1,1;P2:;P3:;P4:;P5:,4 4 4 , 2 2 ,83,01:49
1553151197641,,3,0,1553158063012,0,Restore suggested path,1 1,P0:;P1:1,1;P2:;P3:;P4:;P5:,4 4 4 ,2 2 ,83,01:46
1553151197641,,3,0,1553158065005,0,Clear path,,P0:;P1:;P2:;P3:;P4:;P5:,4 4 4 2 2 , ,25,01:43
1553151197641,,3,0,1553158066432,0,Restore suggested path,1 1,P0:;P1:1,1;P2:;P3:;P4:;P5:,4 4 4 ,2 2 ,83,01:43
1553151197641,,3,0,1553158068705,0,Motivation: aa,1 1,P0:;P1:1,1;P2:;P3:;P4:;P5:,4 4 4 ,2 2 ,83,01:40
1553151197641,,2,1,1553158070386,0,Starting new game. Result current game: Incorrect,1 1 1 1,P0:;P1:1,1;P2:1,1;P3:;P4:;P5:,4 4 4 4 4,2 2 2 2 ,11,01:40

1553151197641,,2,1,1553158074452,0,Motivation: aa,1 1 1 1,P0:;P1:1,1;P2:1,1;P3:;P4:;P5:,4 4 4 4 4,2 2 2 2 ,11,02:57
1553151197641,,1,2,1553158075658,0,Starting new game. Result current game: Incorrect,1 1 1,P0:;P1:1,1,1;P2:;P3:;P4:;P5:,3 3 3 3 3 3 3 3 3,2 2 2 ,107,02:57


undefined,localEx,6,0,1553577425198,0,Read new file,,P0:;P1:;P2:;P3:;P4:;P5:,-,-,NaN,undefined:undefined
undefined,localEx,6,0,1553577608101,0,Time is up!,,P0:;P1:;P2:;P3:;P4:;P5:,7 7 2 9 , ,170,00:00
undefined,localEx,1,1,1553577661250,0,Starting new game,2,P0:;P1:2;;P2:;P3:;P4:;P5:,6 5 8 8 8 8 2 10 1 ,3 ,119,00:00


undefined,localGlobalEx,8,0,1553577667706,0,Read new file,,P0:;P1:;P2:;P3:;P4:;P5:,-,-,NaN,undefined:undefined
undefined,localGlobalEx,8,0,1553577858772,0,Time is up!,,P0:;P1:;P2:;P3:;P4:;P5:,10 4 4 4 4 1 2 2 5 5 , ,200,00:00
undefined,localGlobalEx,1,1,1553577949380,0,Starting new game,2,P0:;P1:2;;P2:;P3:;P4:;P5:,6 5 8 8 8 8 2 10 1 ,3 ,119,00:00


undefined,localGlobalEx,4,0,1553578478871,0,Read new file,,P0:;P1:;P2:;P3:;P4:;P5:,-,-,NaN,undefined:undefined
undefined,localGlobalEx,4,0,1553578662961,0,Time is up!,5,P0:;P1:;P2:;P3:5;;P4:;P5:,2 2 10 10 5 8 8 7 7 9 1 ,6 ,129,00:00
undefined,localGlobalEx,3,1,1553579664789,0,Starting new game,8,P0:;P1:;P2:;P3:;P4:;P5:8;,4 4 1 5 5 8 8 6 2 2 2 ,9 ,129,00:00


undefined,localGlobalEx,5,0,1553580584209,0,Read new file,,P0:;P1:;P2:;P3:;P4:;P5:,-,-,NaN,undefined:undefined
undefined,localGlobalEx,5,0,1553580722286,0,Motivation: aa,3 4,P0:;P1:;P2:;P3:3;4;;P4:;P5:,3 3 6 6 6 1 1 1 10 10 ,4 5,118,00:45
undefined,localGlobalEx,7,1,1553580722516,0,Starting new game,9 3,P0:;P1:;P2:;P3:9;;P4:;P5:3;,1 1 3 7 7 9 9 6 6 6 2 2 ,4 10 ,58,00:45

undefined,localGlobalEx,7,1,1553580738864,1,Changed player,9 3,P0:;P1:;P2:;P3:9;;P4:;P5:,6 5 5 2 2 7 7 3 3 ,10 ,69,02:45
undefined,localGlobalEx,7,1,1553580741927,2,Changed player,9 3,P0:;P1:;P2:;P3:;P4:;P5:3;,2 2 5 5 7 8 8 8 3 ,4 ,69,02:42
undefined,localGlobalEx,7,1,1553580744120,1,Changed player,9 3,P0:;P1:;P2:;P3:9;;P4:;P5:,6 5 5 2 2 7 7 3 3 ,10 ,69,02:40
undefined,localGlobalEx,7,1,1553580744918,0,Changed player,9 3,P0:;P1:;P2:;P3:9;;P4:;P5:3;,1 1 3 7 7 9 9 6 6 6 2 2 ,4 10 ,58,02:39
undefined,localGlobalEx,7,1,1553580745628,3,Changed player,9 3,P0:;P1:;P2:;P3:;P4:;P5:,5 2 2 6 7 7 7 1 9 9 10 10 , ,160,02:38
undefined,localGlobalEx,7,1,1553580746143,4,Changed player,9 3,P0:;P1:6;;P2:;P3:;P4:;P5:,10 9 1 8 8 8 8 5 ,7 ,58,02:38
undefined,localGlobalEx,7,1,1553580903520,4,Time is up!,9 3,P0:;P1:6;;P2:;P3:;P4:;P5:,10 9 1 8 8 8 8 5 ,7 ,58,00:00
undefined,localGlobalEx,10,2,1553580906556,0,Starting new game,0 2 3,P0:;P1:0;2;3;;P2:;P3:;P4:;P5:,5 5 5 6 ,4 1 3 ,82,00:00

undefined,localGlobalEx,10,2,1553581087556,0,Time is up!,0 2 3,P0:;P1:0;2;3;;P2:;P3:;P4:;P5:,5 5 5 6 ,4 1 3 ,82,00:00
undefined,localGlobalEx,8,3,1553581274959,0,Starting new game,,P0:;P1:;P2:;P3:;P4:;P5:,10 4 4 4 4 1 2 2 5 5 , ,200,00:00


undefined,localGlobalEx,6,0,1553582187796,0,Read new file,,P0:;P1:;P2:;P3:;P4:;P5:,-,-,NaN,undefined:undefined
undefined,localGlobalEx,6,0,1553582212232,2,Changed player,,P0:;P1:;P2:;P3:1;;P4:;P5:,9 3 7 7 8 10 10 10 ,2 ,64,02:37
undefined,localGlobalEx,6,0,1553582216515,3,Changed player,,P0:;P1:;P2:;P3:;P4:;P5:,2 2 2 6 6 9 10 1 8 7 3 3 4 4 , ,170,02:33
undefined,localGlobalEx,6,0,1553582219548,4,Changed player,,P0:;P1:;P2:;P3:;P4:;P5:,1 8 8 5 5 7 3 6 10 10 4 4 9 , ,165,02:30
undefined,localGlobalEx,6,0,1553582223896,5,Changed player,,P0:;P1:9;;P2:;P3:;P4:;P5:,5 5 5 6 9 9 2 2 2 3 3 3 8 ,10 ,89,02:25
undefined,localGlobalEx,6,0,1553582231616,5,Motivation: abc,,P0:;P1:9;;P2:;P3:;P4:;P5:,5 5 5 6 9 9 2 2 2 3 3 3 8 ,10 ,89,02:18
undefined,localGlobalEx,9,1,1553582231743,0,Starting new game,9,P0:;P1:;P2:;P3:9;;P4:;P5:,8 8 5 5 5 5 1 9 3 7 7 ,10 ,129,02:18

undefined,localGlobalEx,9,1,1553582237156,1,Changed player,9,P0:;P1:;P2:;P3:;P4:6;;P5:,1 5 5 5 5 9 ,7 ,54,02:56
undefined,localGlobalEx,9,1,1553582251560,2,Changed player,9,P0:;P1:8;;P2:;P3:;P4:;P5:,8 8 8 5 5 3 ,9 ,54,02:42
undefined,localGlobalEx,9,1,1553582252898,3,Changed player,9,P0:;P1:;P2:;P3:;P4:;P5:,3 3 6 10 10 8 8 5 9 9 9 1 , ,160,02:40
undefined,localGlobalEx,9,1,1553582254780,4,Changed player,9,P0:;P1:;P2:2;;P3:;P4:;P5:,9 8 5 1 1 1 1 7 7 7 ,3 ,74,02:39
undefined,localGlobalEx,9,1,1553582257651,5,Changed player,9,P0:;P1:;P2:;P3:5;;P4:;P5:,9 9 9 9 2 2 10 10 8 8 5 ,6 ,79,02:36
undefined,localGlobalEx,9,1,1553582412746,5,Time is up!,9,P0:;P1:;P2:;P3:5;;P4:;P5:,9 9 9 9 2 2 10 10 8 8 5 ,6 ,79,00:00
undefined,localGlobalEx,10,2,1553582570809,0,Starting new game,0 2 3,P0:;P1:0;2;3;;P2:;P3:;P4:;P5:,5 5 5 6 ,4 1 3 ,82,00:00

undefined,localGlobalEx,10,2,1553582751813,0,Time is up!,0 2 3,P0:;P1:0;2;3;;P2:;P3:;P4:;P5:,5 5 5 6 ,4 1 3 ,82,00:00
undefined,localGlobalEx,8,3,1553582816353,0,Starting new game,,P0:;P1:;P2:;P3:;P4:;P5:,10 4 4 4 4 1 2 2 5 5 , ,200,00:00


undefined,localGlobalEx,7,0,1553665226595,0,Read new file,,P0:;P1:;P2:;P3:;P4:;P5:,-,-,NaN,undefined:undefined
undefined,localGlobalEx,7,0,1553665247450,0,Motivation: aa,9 3,P0:;P1:;P2:;P3:9;;P4:;P5:3;,1 1 3 7 7 9 9 6 6 6 2 2 ,4 10 ,58,02:41
undefined,localGlobalEx,6,1,1553665247520,0,Starting new game,,P0:;P1:;P2:;P3:;P4:;P5:,7 7 2 9 , ,170,02:41

undefined,localGlobalEx,6,1,1553665255433,0,Motivation: dd,,P0:;P1:;P2:;P3:;P4:;P5:,7 7 2 9 , ,170,02:54
undefined,localGlobalEx,8,2,1553665255578,0,Starting new game,,P0:;P1:;P2:;P3:;P4:;P5:,10 4 4 4 4 1 2 2 5 5 , ,200,02:54

undefined,localGlobalEx,8,2,1553665259883,0,Motivation: ee,,P0:;P1:;P2:;P3:;P4:;P5:,10 4 4 4 4 1 2 2 5 5 , ,200,02:57
undefined,localGlobalEx,2,3,1553665260086,0,Starting new game,0,P0:;P1:;P2:0;;P3:;P4:;P5:,4 4 4 9 9 9 10 2 8 8 8 ,1 ,129,02:57

undefined,localGlobalEx,2,3,1553665264771,0,Motivation: ff,0,P0:;P1:;P2:0;;P3:;P4:;P5:,4 4 4 9 9 9 10 2 8 8 8 ,1 ,129,02:57
undefined,localGlobalEx,10,4,1553665264847,0,Starting new game,0 2 3,P0:;P1:0;2;3;;P2:;P3:;P4:;P5:,5 5 5 6 ,4 1 3 ,82,02:57

undefined,localGlobalEx,10,4,1553665267141,0,Motivation: aa,0 2 3,P0:;P1:0;2;3;;P2:;P3:;P4:;P5:,5 5 5 6 ,4 1 3 ,82,02:59
undefined,localGlobalEx,9,5,1553665267248,0,Starting new game,9,P0:;P1:;P2:;P3:9;;P4:;P5:,8 8 5 5 5 5 1 9 3 7 7 ,10 ,129,02:59

undefined,localGlobalEx,9,5,1553665269726,0,Motivation: ee,9,P0:;P1:;P2:;P3:9;;P4:;P5:,8 8 5 5 5 5 1 9 3 7 7 ,10 ,129,02:59
undefined,localGlobalEx,5,6,1553665269796,0,Starting new game,3 4,P0:;P1:;P2:;P3:3;4;;P4:;P5:,3 3 6 6 6 1 1 1 10 10 ,4 5,118,02:59

undefined,localGlobalEx,5,6,1553665418192,1,Changed player,3 4,P0:;P1:;P2:;P3:6;;P4:;P5:,2 2 10 10 10 9 1 8 8 ,7,135,00:33
undefined,localGlobalEx,5,6,1553665421041,2,Changed player,3 4,P0:;P1:;P2:;P3:;P4:;P5:,3 3 3 3 6 9 5 10 ,,145,00:30
undefined,localGlobalEx,5,6,1553665421763,3,Changed player,3 4,P0:;P1:;P2:;P3:;P4:;P5:,10 10 10 9 5 5 4 4 3 7 7 1 1 2 ,,89,00:30
undefined,localGlobalEx,5,6,1553665423569,4,Changed player,3 4,P0:;P1:;P2:;P3:;P4:;P5:,1 3 3 3 4 8 8 10 10 9 ,,185,00:28
undefined,localGlobalEx,5,6,1553665424089,5,Changed player,3 4,P0:;P1:;P2:;P3:6;6;;P4:;P5:,1 3 9 9 9 4 4 5 8 10 10 ,7 7,109,00:27
undefined,localGlobalEx,5,6,1553665451184,5,Time is up!,3 4,P0:;P1:;P2:;P3:6;6;;P4:;P5:,1 3 9 9 9 4 4 5 8 10 10 ,7 7,109,00:00
undefined,localGlobalEx,4,7,1553665799601,0,Starting new game,5,P0:;P1:;P2:;P3:5;;P4:;P5:,2 2 10 10 5 8 8 7 7 9 1 ,6 ,129,00:00


undefined,localGlobalEx,3,0,1553665809631,0,Read new file,,P0:;P1:;P2:;P3:;P4:;P5:,-,-,NaN,undefined:undefined
undefined,localGlobalEx,3,0,1553665819170,1,Changed player,8,P0:;P1:;P2:;P3:;P4:;P5:,5 5 1 1 6 6 6 , ,135,02:52
undefined,localGlobalEx,3,0,1553665822986,2,Changed player,8,P0:;P1:;P2:;P3:;P4:;P5:,1 7 3 10 10 10 5 8 8 , ,145,02:48
undefined,localGlobalEx,3,0,1553665829633,3,Changed player,8,P0:;P1:;P2:;P3:;P4:;P5:8;,8 8 1 1 7 5 5 6 6 3 10 2 2 ,9 ,89,02:42
undefined,localGlobalEx,3,0,1553665833138,4,Changed player,8,P0:;P1:;P2:;P3:;P4:;P5:,2 6 6 6 6 6 6 5 8 8 8 8 1 1 1 4 4 , ,185,02:38
undefined,localGlobalEx,3,0,1553665834754,5,Changed player,8,P0:;P1:5;;P2:;P3:;P4:;P5:,9 5 5 5 5 2 2 8 8 4 4 4 10 1 1 1 3 ,6 ,109,02:36
undefined,localGlobalEx,3,0,1553665843710,5,Motivation: aA,8,P0:;P1:5;;P2:;P3:;P4:;P5:,9 5 5 5 5 2 2 8 8 4 4 4 10 1 1 1 3 ,6 ,109,02:27
undefined,localGlobalEx,9,1,1553665843796,0,Starting new game,9,P0:;P1:;P2:;P3:9;;P4:;P5:,8 8 5 5 5 5 1 9 3 7 7 ,10 ,129,02:27

undefined,localGlobalEx,9,1,1553665848550,0,Motivation: 55,9,P0:;P1:;P2:;P3:9;;P4:;P5:,8 8 5 5 5 5 1 9 3 7 7 ,10 ,129,02:57
undefined,localGlobalEx,5,2,1553665848623,0,Starting new game,3 4,P0:;P1:;P2:;P3:3;4;;P4:;P5:,3 3 6 6 6 1 1 1 10 10 ,4 5,118,02:57

undefined,localGlobalEx,5,2,1553665853505,1,Changed player,3 4,P0:;P1:;P2:;P3:6;;P4:;P5:,2 2 10 10 10 9 1 8 8 ,7,135,02:57
undefined,localGlobalEx,5,2,1553665856307,2,Changed player,3 4,P0:;P1:;P2:;P3:;P4:;P5:,3 3 3 3 6 9 5 10 ,,145,02:54
undefined,localGlobalEx,5,2,1553665857589,3,Changed player,3 4,P0:;P1:;P2:;P3:;P4:;P5:,10 10 10 9 5 5 4 4 3 7 7 1 1 2 ,,89,02:53
undefined,localGlobalEx,5,2,1553665859163,3,Changed player,3 4,P0:;P1:;P2:;P3:;P4:;P5:,10 10 10 9 5 5 4 4 3 7 7 1 1 2 ,,89,02:51
undefined,localGlobalEx,5,2,1553665860002,4,Changed player,3 4,P0:;P1:;P2:;P3:;P4:;P5:,1 3 3 3 4 8 8 10 10 9 ,,185,02:50
undefined,localGlobalEx,5,2,1553665861466,5,Changed player,3 4,P0:;P1:;P2:;P3:6;6;;P4:;P5:,1 3 9 9 9 4 4 5 8 10 10 ,7 7,109,02:49
undefined,localGlobalEx,5,2,1553665864055,5,Changed player,3 4,P0:;P1:;P2:;P3:6;6;;P4:;P5:,1 3 9 9 9 4 4 5 8 10 10 ,7 7,109,02:46
undefined,localGlobalEx,5,2,1553665865013,5,Changed player,3 4,P0:;P1:;P2:;P3:6;6;;P4:;P5:,1 3 9 9 9 4 4 5 8 10 10 ,7 7,109,02:45
undefined,localGlobalEx,5,2,1553665865528,4,Changed player,3 4,P0:;P1:;P2:;P3:;P4:;P5:,1 3 3 3 4 8 8 10 10 9 ,,185,02:45
undefined,localGlobalEx,5,2,1553665867833,4,Motivation: aaa,3 4,P0:;P1:;P2:;P3:;P4:;P5:,1 3 3 3 4 8 8 10 10 9 ,,185,02:42
undefined,localGlobalEx,6,3,1553665867907,0,Starting new game,,P0:;P1:;P2:;P3:;P4:;P5:,7 7 2 9 , ,170,02:42

undefined,localGlobalEx,6,3,1553665870469,1,Changed player,,P0:;P1:;P2:;P3:1;;P4:;P5:,7 7 8 6 3 4 5 5 5 9 1 10 ,2 ,85,02:59
undefined,localGlobalEx,6,3,1553665871907,2,Changed player,,P0:;P1:;P2:;P3:1;;P4:;P5:,9 3 7 7 8 10 10 10 ,2 ,64,02:58
undefined,localGlobalEx,6,3,1553665873507,3,Changed player,,P0:;P1:;P2:;P3:;P4:;P5:,2 2 2 6 6 9 10 1 8 7 3 3 4 4 , ,170,02:56
undefined,localGlobalEx,6,3,1553665874802,4,Changed player,,P0:;P1:;P2:;P3:;P4:;P5:,1 8 8 5 5 7 3 6 10 10 4 4 9 , ,165,02:55
undefined,localGlobalEx,6,3,1553665875950,4,Changed player,,P0:;P1:;P2:;P3:;P4:;P5:,1 8 8 5 5 7 3 6 10 10 4 4 9 , ,165,02:53
undefined,localGlobalEx,6,3,1553665877021,5,Changed player,,P0:;P1:9;;P2:;P3:;P4:;P5:,5 5 5 6 9 9 2 2 2 3 3 3 8 ,10 ,89,02:52
undefined,localGlobalEx,6,3,1553665919201,5,Motivation: dd,,P0:;P1:9;;P2:;P3:;P4:;P5:,5 5 5 6 9 9 2 2 2 3 3 3 8 ,10 ,89,02:10
undefined,localGlobalEx,10,4,1553665919288,0,Starting new game,0 2 3,P0:;P1:0;2;3;;P2:;P3:;P4:;P5:,5 5 5 6 ,4 1 3 ,82,02:10

undefined,localGlobalEx,10,4,1553665940884,1,Changed player,0 2 3,P0:;P1:;P2:1;;P3:;P4:1;;P5:,3 1 6 6 6 9 9 9 9 10 10 4 ,7 2 ,75,02:40
undefined,localGlobalEx,10,4,1553665943819,2,Changed player,0 2 3,P0:;P1:2;;P2:;P3:;P4:;P5:,9 6 6 8 8 8 8 4 4 4 2 1 1 ,3 ,89,02:37
undefined,localGlobalEx,10,4,1553665946019,3,Changed player,0 2 3,P0:;P1:;P2:1;;P3:;P4:;P5:,3 3 10 10 1 4 9 9 8 8 8 ,7 2 ,75,02:35
undefined,localGlobalEx,10,4,1553665948066,4,Changed player,0 2 3,P0:;P1:2;;P2:;P3:;P4:;P5:,5 9 9 9 2 4 ,3 ,54,02:33
undefined,localGlobalEx,10,4,1553665951777,5,Changed player,0 2 3,P0:;P1:8;;P2:;P3:;P4:;P5:,8 1 1 4 6 10 10 10 10 ,9 ,69,02:29
undefined,localGlobalEx,10,4,1553665956903,5,Motivation: ee,0 2 3,P0:;P1:8;;P2:;P3:;P4:;P5:,8 1 1 4 6 10 10 10 10 ,9 ,69,02:24
undefined,localGlobalEx,2,5,1553665956974,0,Starting new game,0,P0:;P1:;P2:0;;P3:;P4:;P5:,4 4 4 9 9 9 10 2 8 8 8 ,1 ,129,02:24

undefined,localGlobalEx,2,5,1553665960373,1,Changed player,0,P0:;P1:;P2:;P3:;P4:5;6;;P5:,5 5 4 9 9 9 9 9 8 8 8 ,6 7 ,73,02:58
undefined,localGlobalEx,2,5,1553665962575,2,Changed player,0,P0:;P1:;P2:;P3:;P4:3;5;;P5:,5 7 1 2 9 9 9 9 3 8 ,4 6 ,68,02:56
undefined,localGlobalEx,2,5,1553665965298,3,Changed player,0,P0:;P1:;P2:;P3:;P4:5;;P5:,10 10 5 1 1 1 2 2 8 8 7 7 9 9 ,6 ,94,02:53
undefined,localGlobalEx,2,5,1553665966373,4,Changed player,0,P0:;P1:;P2:;P3:;P4:;P5:,4 7 7 8 6, ,125,02:52
undefined,localGlobalEx,2,5,1553665972637,5,Changed player,0,P0:;P1:;P2:;P3:;P4:;P5:,4 4 8 5 10 1 1 , ,135,02:46
undefined,localGlobalEx,2,5,1553665978796,5,Motivation: wewe,0,P0:;P1:;P2:;P3:;P4:;P5:,4 4 8 5 10 1 1 , ,135,02:40
undefined,localGlobalEx,8,6,1553665978901,0,Starting new game,,P0:;P1:;P2:;P3:;P4:;P5:,10 4 4 4 4 1 2 2 5 5 , ,200,02:40

undefined,localGlobalEx,8,6,1553665981524,1,Changed player,,P0:;P1:;P2:;P3:;P4:;P5:,5 5 5 5 4 10 1 9 , ,140,02:59
undefined,localGlobalEx,8,6,1553665983902,2,Changed player,,P0:;P1:9;;P2:;P3:;P4:;P5:9;,4 7 7 5 3 8 8 ,10 10 ,-17,02:57
undefined,localGlobalEx,8,6,1553665988987,3,Changed player,,P0:;P1:;P2:6;;P3:;P4:;P5:,1 5 8 8 3 3 9 9 9 6 ,7 ,74,02:51
undefined,localGlobalEx,8,6,1553665992323,4,Changed player,,P0:;P1:;P2:2;;P3:;P4:;P5:,7 7 7 8 5 1 1 1 1 9 ,3 ,74,02:48
undefined,localGlobalEx,8,6,1553665994534,5,Changed player,,P0:;P1:;P2:;P3:5;;P4:;P5:,8 8 5 9 9 9 9 2 2 10 ,6 ,74,02:46
undefined,localGlobalEx,8,6,1553665997770,5,Motivation: weew,,P0:;P1:;P2:;P3:5;;P4:;P5:,8 8 5 9 9 9 9 2 2 10 ,6 ,74,02:43
undefined,localGlobalEx,4,7,1553665997867,0,Starting new game,5,P0:;P1:;P2:;P3:5;;P4:;P5:,2 2 10 10 5 8 8 7 7 9 1 ,6 ,129,02:43

undefined,localGlobalEx,4,7,1553666000666,1,Changed player,5,P0:;P1:;P2:;P3:5;6;;P4:;P5:2;,1 1 1 10 10 2 2 8 5 5 ,3 6 7 ,-8,02:59
undefined,localGlobalEx,4,7,1553666004547,2,Changed player,5,P0:;P1:;P2:;P3:;P4:;P5:,9 7 7 1 5 5 5 8 , ,140,02:55
undefined,localGlobalEx,4,7,1553666007302,3,Changed player,5,P0:;P1:;P2:;P3:;P4:;P5:,2 9 9 9 6 7 , ,130,02:52
undefined,localGlobalEx,4,7,1553666011352,4,Changed player,5,P0:;P1:;P2:;P3:5;;P4:;P5:,9 9 5 5 1 7 7 4 4 4 4 ,6 ,79,02:48
undefined,localGlobalEx,4,7,1553666013939,5,Changed player,5,P0:;P1:;P2:6;;P3:;P4:;P5:,2 10 8 8 8 3 4 4 ,7 ,64,02:45
undefined,localGlobalEx,4,7,1553666020064,5,Motivation: ee,5,P0:;P1:;P2:6;;P3:;P4:;P5:,2 10 8 8 8 3 4 4 ,7 ,64,02:39
undefined,localGlobalEx,1,8,1553666020144,0,Starting new game,2,P0:;P1:2;;P2:;P3:;P4:;P5:,6 5 8 8 8 8 2 10 1 ,3 ,119,02:39

undefined,localGlobalEx,1,8,1553666025422,1,Changed player,2,P0:;P1:;P2:;P3:;P4:;P5:,3 7 7 7 2 10 10 10 6 , ,145,02:56
undefined,localGlobalEx,1,8,1553666028044,2,Changed player,2,P0:;P1:1;;P2:;P3:;P4:;P5:,5 5 4 4 ,2 ,44,02:54
undefined,localGlobalEx,1,8,1553666033587,3,Changed player,2,P0:;P1:;P2:4;;P3:;P4:;P5:,9 9 9 4 8 6 6 6 3 10 7 ,5 ,79,02:48
undefined,localGlobalEx,1,8,1553666036611,4,Changed player,2,P0:;P1:1;;P2:;P3:;P4:;P5:,4 10 6 ,2 ,39,02:45
undefined,localGlobalEx,1,8,1553666042753,5,Changed player,2,P0:;P1:;P2:;P3:;P4:;P5:,2 4 4 6 8 10 1 5 5 3 9 , ,155,02:39
undefined,localGlobalEx,1,8,1553666048186,5,Motivation: 555,2,P0:;P1:;P2:;P3:;P4:;P5:,2 4 4 6 8 10 1 5 5 3 9 , ,155,02:33
undefined,localGlobalEx,7,9,1553666048272,0,Starting new game,9 3,P0:;P1:;P2:;P3:9;;P4:;P5:3;,1 1 3 7 7 9 9 6 6 6 2 2 ,4 10 ,58,02:33

